Site Code,Well ID,Datetime,Status,Oil (bbl),Gas (mcf),Water (bbl),BOE (bbl)
S06,W0015,2025-08-27,ACTIVE,82.95,407.97,470.05,150.95
S06,W0015,2025-08-28,ACTIVE,84.65,395.24,481.24,150.52
S06,W0015,2025-08-29,ACTIVE,75.58,387.68,431.09,140.19
S06,W0015,2025-08-30,ACTIVE,84.02,390.81,480.76,149.16
S06,W0015,2025-08-31,ACTIVE,77.44,414.32,444.54,146.49
S06,W0015,2025-09-01,ACTIVE,80.97,373.01,466.35,143.14
S06,W0015,2025-09-02,ACTIVE,73.05,405.92,422.07,140.7
S06,W0015,2025-09-03,ACTIVE,76.79,416.71,445.15,146.24
S06,W0015,2025-09-04,ACTIVE,75.62,428.56,439.82,147.05
S06,W0015,2025-09-05,ACTIVE,83.6,461.18,487.79,160.46
S06,W0015,2025-09-06,ACTIVE,82.54,376.53,483.21,145.3
S06,W0015,2025-09-07,ACTIVE,81.47,380.89,478.52,144.95
S06,W0015,2025-09-08,ACTIVE,84.8,411.86,499.73,153.44
S06,W0015,2025-09-09,ACTIVE,80.86,357.07,478.09,140.37
S06,W0015,2025-09-10,ACTIVE,75.4,412.49,470.96,144.15
S06,W0015,2025-09-11,ACTIVE,75.72,423.93,450.74,146.38
S06,W0015,2025-09-12,ACTIVE,88.67,382.5,529.54,152.42
S06,W0015,2025-09-13,ACTIVE,76.74,367.48,459.87,137.99
S06,W0015,2025-09-14,ACTIVE,71.74,376.74,431.32,134.53
S06,W0015,2025-09-15,ACTIVE,76.23,360.73,459.86,136.35
S06,W0015,2025-09-16,ACTIVE,70.14,355.06,424.56,129.32
S06,W0015,2025-09-17,ACTIVE,77.06,387.94,468.04,141.72
S06,W0015,2025-09-18,ACTIVE,73.28,374.56,446.6,135.71
S06,W0015,2025-09-19,ACTIVE,73.98,410.69,452.4,142.43
S06,W0015,2025-09-20,ACTIVE,76.3,368.91,468.17,137.79
S06,W0015,2025-09-21,ACTIVE,76.72,383.43,472.33,140.63
S06,W0015,2025-09-22,ACTIVE,82.46,403.84,509.4,149.77
S06,W0015,2025-09-23,ACTIVE,72.33,397.23,448.36,138.54
S06,W0015,2025-09-24,ACTIVE,72.24,413.91,449.35,141.23
S06,W0015,2025-09-25,ACTIVE,70.65,383.81,441.02,134.62
S06,W0015,2025-09-26,ACTIVE,81.37,357.79,509.68,141
S06,W0015,2025-09-27,ACTIVE,70.04,367.96,440.22,131.37
S06,W0015,2025-09-28,ACTIVE,73.9,352.46,466.1,132.64
S06,W0015,2025-09-29,ACTIVE,77.34,394.32,489.52,143.06
S06,W0015,2025-09-30,ACTIVE,75.79,342.62,481.38,132.89
S06,W0015,2025-10-01,ACTIVE,70.91,370.12,451.99,132.6
S06,W0015,2025-10-02,ACTIVE,80.7,381.67,516.2,144.31
S06,W0015,2025-10-03,ACTIVE,84.4,330.21,541.72,139.44
S06,W0015,2025-10-04,ACTIVE,76.21,423.96,490.88,146.87
S06,W0015,2025-10-05,ACTIVE,75.73,379.39,489.52,138.96
S06,W0015,2025-10-06,ACTIVE,68.34,410.15,443.33,136.7
S06,W0015,2025-10-08,ACTIVE,71.08,324.92,464.38,125.23
S06,W0015,2025-10-10,ACTIVE,79.1,383.09,520.48,142.95
S06,W0015,2025-10-11,ACTIVE,84.28,406.01,556.57,151.95
S06,W0015,2025-10-12,ACTIVE,76.24,393.27,505.34,141.79
S06,W0015,2025-10-14,ACTIVE,72.65,431.78,485.02,144.61
S06,W0015,2025-10-15,ACTIVE,74.37,347.8,498.33,132.34
S06,W0015,2025-10-16,ACTIVE,67.7,343.24,455.28,124.91
S06,W0015,2025-10-17,ACTIVE,70.41,344.93,475.23,127.9
S06,W0015,2025-10-18,ACTIVE,74.82,351.51,506.85,133.41
S06,W0015,2025-10-19,ACTIVE,77.17,372.33,524.69,139.23
S06,W0015,2025-10-20,ACTIVE,65.82,341.71,449.14,122.77
S06,W0015,2025-10-21,ACTIVE,71.27,387.55,488.16,135.86
S06,W0015,2025-10-22,ACTIVE,73.8,347.51,507.35,131.72
S06,W0015,2025-10-23,ACTIVE,73.42,370.56,506.63,135.18
S06,W0015,2025-10-24,ACTIVE,77.3,402.86,535.36,144.44
S06,W0015,2025-10-25,ACTIVE,76.15,336.83,529.39,132.29
S06,W0015,2025-10-26,ACTIVE,70.57,340.43,492.43,127.31
S06,W0015,2025-10-27,ACTIVE,65.93,374.34,461.81,128.32
S06,W0015,2025-10-29,ACTIVE,70.4,341.73,496.87,127.36
S06,W0015,2025-10-30,ACTIVE,66.23,369.36,469.16,127.79
S06,W0015,2025-10-31,ACTIVE,81.74,387.16,581.24,146.27
S06,W0015,2025-11-01,ACTIVE,70.89,373.28,506.04,133.1
S06,W0015,2025-11-02,ACTIVE,65.66,318.16,470.49,118.69
S06,W0015,2025-11-03,ACTIVE,64.62,340.9,464.82,121.44
S06,W0015,2025-11-04,ACTIVE,77.53,354.03,559.86,136.54
S06,W0015,2025-11-05,ACTIVE,75.23,355.64,545.31,134.5
S06,W0015,2025-11-06,ACTIVE,73.47,321.8,534.64,127.1
S06,W0015,2025-11-07,ACTIVE,68.03,393.09,496.96,133.55
S06,W0015,2025-11-08,ACTIVE,74.42,370.97,545.76,136.25
S06,W0015,2025-11-09,ACTIVE,66.55,353.84,489.94,125.52
S06,W0015,2025-11-10,ACTIVE,73.28,358.33,541.58,133
S06,W0015,2025-11-12,ACTIVE,74.37,390.5,553.98,139.45
S06,W0015,2025-11-13,ACTIVE,70.72,350.83,528.9,129.19
S06,W0015,2025-11-14,ACTIVE,67.7,299.46,508.32,117.61
S06,W0015,2025-11-15,ACTIVE,63.58,314.71,479.25,116.03
S06,W0015,2025-11-16,ACTIVE,69.63,346.62,526.94,127.4
S06,W0015,2025-11-17,ACTIVE,72.49,327.33,550.83,127.04
S06,W0015,2025-11-18,ACTIVE,61.93,387.32,472.42,126.48
S06,W0015,2025-11-19,ACTIVE,72.93,349.21,558.6,131.13
S06,W0015,2025-11-20,ACTIVE,66.18,352.11,508.98,124.87
S06,W0015,2025-11-21,ACTIVE,66.75,360.8,515.42,126.88
S06,W0015,2025-11-22,ACTIVE,63.74,368.42,494.19,125.14
S06,W0015,2025-11-23,ACTIVE,66.72,322.56,519.35,120.48
S06,W0015,2025-11-24,ACTIVE,68.76,366.52,537.42,129.85
S06,W0015,2025-11-25,ACTIVE,72.41,293.09,568.29,121.26
S06,W0015,2025-11-26,ACTIVE,68.99,322.54,543.71,122.75
S06,W0015,2025-11-27,ACTIVE,60.67,328.03,480.12,115.34
S06,W0015,2025-11-28,ACTIVE,68.39,335.19,543.4,124.26
S06,W0015,2025-11-29,ACTIVE,72.69,353.33,579.97,131.58
S06,W0015,2025-11-30,ACTIVE,69.5,306.91,556.88,120.65
S06,W0015,2025-12-01,ACTIVE,64.08,309.8,515.54,115.71
S06,W0015,2025-12-02,ACTIVE,69,322.98,557.53,122.83
S06,W0015,2025-12-03,ACTIVE,65.88,401.11,534.54,132.73
S06,W0015,2025-12-04,ACTIVE,65.62,325.78,534.68,119.92
S06,W0015,2025-12-05,ACTIVE,70.82,315.37,579.48,123.38
S06,W0015,2025-12-06,ACTIVE,68.97,343.29,566.74,126.19
S06,W0015,2025-12-07,ACTIVE,69.64,341.25,574.69,126.52
S06,W0015,2025-12-08,ACTIVE,76.23,357.14,631.77,135.75
S06,W0015,2025-12-09,ACTIVE,69.18,358.14,575.81,128.87
S06,W0015,2025-12-10,ACTIVE,68.01,352.49,568.49,126.76
S06,W0015,2025-12-11,ACTIVE,60.34,364.42,506.54,121.08
S06,W0015,2025-12-12,ACTIVE,62.48,308.64,526.78,113.92
S06,W0015,2025-12-13,ACTIVE,67.59,288.21,572.38,115.63
S06,W0015,2025-12-14,ACTIVE,62.56,301.85,532.08,112.87
S06,W0015,2025-12-15,ACTIVE,62.9,319.78,537.37,116.2
S06,W0015,2025-12-16,ACTIVE,71.6,346.75,614.3,129.39
S06,W0015,2025-12-17,ACTIVE,65.49,301.52,564.4,115.74
S06,W0015,2025-12-18,ACTIVE,64.5,309.48,558.32,116.08
S06,W0015,2025-12-19,ACTIVE,61.37,348.64,533.58,119.48
S06,W0015,2025-12-20,ACTIVE,67.82,333.7,592.25,123.44
S06,W0015,2025-12-22,ACTIVE,63.95,305.95,563.55,114.94
S06,W0015,2025-12-23,ACTIVE,66.03,313.78,584.46,118.33
S06,W0015,2025-12-24,ACTIVE,64.76,322.18,575.82,118.46
S06,W0015,2025-12-25,ACTIVE,66.02,369.1,589.72,127.54
S06,W0015,2025-12-26,ACTIVE,70.75,338.38,634.81,127.15
S06,W0015,2025-12-27,ACTIVE,63.03,325.06,568.1,117.21
S06,W0015,2025-12-28,ACTIVE,60.33,275.46,546.32,106.24
S06,W0015,2025-12-30,ACTIVE,62.14,313.48,567.9,114.39
S06,W0015,2025-12-31,ACTIVE,61.53,294.06,564.96,110.54
S06,W0015,2026-01-01,ACTIVE,61.66,323.75,568.78,115.62
S06,W0015,2026-01-02,ACTIVE,65.35,331.16,605.6,120.54
S06,W0015,2026-01-03,ACTIVE,59.54,330.98,554.34,114.7
S06,W0015,2026-01-04,ACTIVE,65.48,315.98,612.59,118.14
S06,W0015,2026-01-05,ACTIVE,68.01,337.06,639.21,124.19
S06,W0015,2026-01-06,ACTIVE,62.93,292.73,594.28,111.72
S06,W0015,2026-01-07,ACTIVE,56.16,275.11,532.85,102.01
S06,W0015,2026-01-08,ACTIVE,63.95,273.88,609.69,109.6
S06,W0015,2026-01-09,ACTIVE,68.76,300.79,658.66,118.89
S06,W0015,2026-01-10,ACTIVE,58.41,303.18,562.28,108.94
S06,W0015,2026-01-11,ACTIVE,54.58,301.6,527.88,104.85
S06,W0015,2026-01-12,ACTIVE,63.18,292.03,614.09,111.85
S06,W0015,2026-01-13,ACTIVE,64.69,305.73,631.82,115.65
S06,W0015,2026-01-14,ACTIVE,60.18,285.96,590.64,107.84
S06,W0015,2026-01-15,ACTIVE,64.44,341.98,635.54,121.44
S06,W0015,2026-01-16,ACTIVE,61.95,300.36,614.04,112.01
S06,W0015,2026-01-17,ACTIVE,64.41,327.9,641.62,119.06
S06,W0015,2026-01-18,ACTIVE,57.83,307.53,578.88,109.09
S06,W0015,2026-01-19,ACTIVE,61.64,297.95,620.13,111.3
S06,W0015,2026-01-20,ACTIVE,53.92,316.73,545.16,106.71
S06,W0015,2026-01-21,ACTIVE,59.44,323.2,604.05,113.31
S06,W0015,2026-01-22,ACTIVE,58.91,302.43,601.66,109.32
S06,W0015,2026-01-23,ACTIVE,53.58,347.7,549.98,111.53
S06,W0015,2026-01-24,ACTIVE,60.16,303.79,620.74,110.79
S06,W0015,2026-01-25,ACTIVE,55.12,299.56,571.62,105.05
S06,W0015,2026-01-26,ACTIVE,62.66,321.09,653.23,116.17
S06,W0015,2026-01-27,ACTIVE,59.7,281.8,625.51,106.67
S06,W0015,2026-01-28,ACTIVE,67.86,334.56,714.68,123.62
S06,W0015,2026-01-29,ACTIVE,58.88,310.02,623.37,110.55
S06,W0015,2026-01-30,ACTIVE,65.42,262.86,696.28,109.23
S06,W0015,2026-01-31,ACTIVE,63.6,264.5,680.39,107.68
S06,W0015,2026-02-01,ACTIVE,56.98,331.04,612.87,112.15
S06,W0015,2026-02-02,ACTIVE,62.61,300.17,677,112.64
S06,W0015,2026-02-03,ACTIVE,62.39,313.84,678.15,114.7
S06,W0015,2026-02-04,ACTIVE,66.06,271.33,721.93,111.28
S06,W0015,2026-02-06,ACTIVE,58.91,336.6,650.74,115.01
S06,W0015,2026-02-07,ACTIVE,57.8,258.51,641.98,100.89
S06,W0015,2026-02-08,ACTIVE,63.16,311.96,705.25,115.15
S06,W0015,2026-02-09,ACTIVE,53.26,273.06,598.04,98.77
S06,W0015,2026-02-10,ACTIVE,61.44,285.26,693.63,108.98
S06,W0015,2026-02-11,ACTIVE,60.04,317.72,681.55,112.99
S06,W0015,2026-02-12,ACTIVE,65.29,276.18,745.25,111.32
S06,W0015,2026-02-13,ACTIVE,59.46,307.93,682.47,110.78
S06,W0015,2026-02-14,ACTIVE,62.46,270.41,720.91,107.53
S06,W0015,2026-02-15,ACTIVE,51.27,308.38,595.12,102.67
S06,W0015,2026-02-16,ACTIVE,59.87,312.31,698.87,111.92
S06,W0015,2026-02-17,ACTIVE,59.2,340.15,695,115.89
S06,W0015,2026-02-18,ACTIVE,60.97,309.11,719.86,112.49
S06,W0015,2026-02-19,ACTIVE,61.3,286.85,727.92,109.11
S06,W0015,2026-02-20,ACTIVE,57.43,305.42,685.88,108.33
S06,W0015,2026-02-21,ACTIVE,58.16,247.52,698.71,99.41
S06,W0015,2026-02-22,ACTIVE,52,301.5,628.35,102.25
S06,W0015,2026-02-23,ACTIVE,55,271.25,668.37,100.21
S06,W0015,2026-02-24,ACTIVE,58.74,272.38,718.12,104.14
S06,W0015,2026-02-25,ACTIVE,62.87,317.98,773.12,115.87
S06,W0015,2026-02-26,ACTIVE,54.87,294.15,678.7,103.9
S06,W0015,2026-02-27,ACTIVE,62.81,257.11,781.55,105.66
S06,W0015,2026-02-28,ACTIVE,53.87,256.12,674.36,96.56
S06,W0015,2026-03-02,ACTIVE,55.23,283.15,699.8,102.42
S06,W0015,2026-03-03,ACTIVE,51.43,314.02,655.63,103.77
S06,W0015,2026-03-04,ACTIVE,56.01,296.05,718.4,105.35
S06,W0015,2026-03-05,ACTIVE,55.17,275.85,902.93,101.15
S06,W0015,2026-03-06,ACTIVE,55.02,248.73,1081.85,96.48
S06,W0015,2026-03-07,ACTIVE,52.46,258.34,1122.37,95.52
S06,W0015,2026-03-08,ACTIVE,47.86,283.94,629.26,95.18
S06,W0015,2026-03-09,ACTIVE,60.39,263.92,798.99,104.38
S06,W0015,2026-03-10,ACTIVE,61.19,265.33,814.64,105.41
S06,W0015,2026-03-11,ACTIVE,60.12,279.91,805.58,106.77
S06,W0015,2026-03-12,ACTIVE,56.72,302.83,764.79,107.19
S06,W0015,2026-03-13,ACTIVE,55.15,309.45,748.46,106.73
S06,W0015,2026-03-14,ACTIVE,54.96,300.8,750.7,105.09
S06,W0015,2026-03-15,ACTIVE,50.87,251.47,699.29,92.78
S06,W0015,2026-03-16,ACTIVE,56.79,266.9,785.82,101.27
S06,W0015,2026-03-17,ACTIVE,57.06,311.55,794.69,108.99
S06,W0015,2026-03-18,ACTIVE,54.46,288.6,763.52,102.56
S06,W0015,2026-03-19,ACTIVE,54.1,267.15,763.49,98.63
S06,W0015,2026-03-20,ACTIVE,55.32,239.93,786.02,95.31
S06,W0015,2026-03-21,ACTIVE,56.75,301.82,811.73,107.05
S06,W0015,2026-03-22,ACTIVE,58.44,253.01,841.57,100.61
S06,W0015,2026-03-23,ACTIVE,57.13,288.02,828.35,105.13
S06,W0015,2026-03-24,ACTIVE,53.84,299.21,786.03,103.71
S06,W0015,2026-03-25,ACTIVE,58.31,277.75,857.03,104.6
S06,W0015,2026-03-26,ACTIVE,57.84,274.32,856,103.56
S06,W0015,2026-03-27,ACTIVE,61.51,271.13,916.76,106.7
S06,W0015,2026-03-28,ACTIVE,50.19,262.7,753.32,93.97
S06,W0015,2026-03-29,ACTIVE,63.81,277.89,964.52,110.13
S06,W0015,2026-03-30,ACTIVE,53.07,256.02,807.86,95.74
S06,W0015,2026-03-31,ACTIVE,58,290.45,889.25,106.41
S06,W0015,2026-04-01,ACTIVE,56.29,278.46,869.25,102.7
S06,W0015,2026-04-02,ACTIVE,57.32,268.29,891.54,102.04
S06,W0015,2026-04-03,ACTIVE,53.91,264.68,844.56,98.02
S06,W0015,2026-04-04,ACTIVE,55.29,263.96,872.52,99.28
S06,W0015,2026-04-05,ACTIVE,54.12,266.71,860.46,98.57
S06,W0015,2026-04-06,ACTIVE,50.56,262.25,809.85,94.27
S06,W0015,2026-04-07,ACTIVE,52.75,290.82,851.24,101.22
S06,W0015,2026-04-08,ACTIVE,53.54,265.7,870.45,97.82
S06,W0015,2026-04-09,ACTIVE,49.97,247.78,818.59,91.27
S06,W0015,2026-04-10,ACTIVE,52.14,261.31,860.65,95.69
S06,W0015,2026-04-12,ACTIVE,53.71,258.97,900.28,96.87
S06,W0015,2026-04-13,ACTIVE,51.5,281.51,869.86,98.42
S06,W0015,2026-04-14,ACTIVE,53.73,308.08,914.75,105.08
S06,W0015,2026-04-15,ACTIVE,47.23,266.58,810.42,91.66
S06,W0015,2026-04-16,ACTIVE,52.07,261.17,900.53,95.6
S06,W0015,2026-04-17,ACTIVE,52.24,262.66,910.86,96.02
S06,W0015,2026-04-18,ACTIVE,55.14,274.91,969,100.96
S06,W0015,2026-04-19,ACTIVE,55.99,285.29,991.98,103.54
S06,W0015,2026-04-20,ACTIVE,57.81,271.18,1032.66,103.01
S06,W0015,2026-04-21,ACTIVE,58.55,282.88,1054.55,105.7
S06,W0015,2026-04-22,ACTIVE,58.16,248.98,1056.13,99.66
S06,W0015,2026-04-23,ACTIVE,51.25,281.02,938.53,98.09
S06,W0015,2026-04-24,ACTIVE,52.15,241.8,963.06,92.45
S06,W0015,2026-04-25,ACTIVE,44.85,272.01,835.3,90.19
S06,W0015,2026-04-26,ACTIVE,51.42,261.98,965.92,95.08
S06,W0015,2026-04-27,ACTIVE,59.33,246.95,1124.01,100.49
S06,W0015,2026-04-28,ACTIVE,53.99,277.19,1031.7,100.19
S06,W0015,2026-04-29,ACTIVE,56.81,260.33,1095.11,100.2
S06,W0015,2026-04-30,ACTIVE,54.15,253.49,1053.12,96.4
S06,W0015,2026-05-01,ACTIVE,53.96,264.6,1058.8,98.06
S06,W0015,2026-05-02,ACTIVE,58.19,303.13,805.73,108.71
S06,W0015,2026-05-04,ACTIVE,49.86,244.84,1005.22,90.67
S06,W0015,2026-05-05,ACTIVE,43.58,256.51,886.61,86.33
S06,W0015,2026-05-06,ACTIVE,51.02,240.88,1047.74,91.17
S06,W0015,2026-05-09,ACTIVE,52.33,300.12,1105.35,102.35
S06,W0015,2026-05-10,ACTIVE,47.73,245.27,1017.83,88.61
S06,W0015,2026-05-11,ACTIVE,53.51,243.06,1152.17,94.02
S06,W0015,2026-05-12,ACTIVE,53.07,222.53,1153.83,90.16
S06,W0015,2026-05-13,ACTIVE,46.34,268.67,1017.36,91.12
S06,W0015,2026-05-14,ACTIVE,52.7,232.86,1168.67,91.51
S06,W0015,2026-05-15,ACTIVE,51.47,258.65,1152.74,94.58
S06,W0015,2026-05-16,ACTIVE,52.86,259.08,1195.81,96.04
S06,W0015,2026-05-17,ACTIVE,56.03,244.97,1280.58,96.86
S06,W0015,2026-05-18,ACTIVE,59.57,258.37,1375.7,102.63
S06,W0015,2026-05-19,ACTIVE,53.33,298.56,1244.43,103.09
S06,W0015,2026-05-21,ACTIVE,57.03,243.94,1359,97.69
S06,W0015,2026-05-22,ACTIVE,50.54,258.45,1217.19,93.62
S06,W0015,2026-05-23,ACTIVE,51.58,282.44,1255.72,98.65
S06,W0015,2026-05-24,ACTIVE,48.01,261.75,1181.63,91.64
S06,W0015,2026-05-25,ACTIVE,51.18,195.27,1273.8,83.73
S06,W0015,2026-05-28,ACTIVE,48.07,250.47,1237.37,89.82
S06,W0015,2026-05-29,ACTIVE,50.6,268,1317.39,95.27
S06,W0015,2026-05-30,ACTIVE,47.83,264.94,1259.89,91.99
S06,W0015,2026-05-31,ACTIVE,50.88,244.68,1356.12,91.66
S06,W0015,2026-06-01,ACTIVE,49.82,216.1,1343.68,85.84
S06,W0015,2026-06-02,ACTIVE,52.26,251.57,1426.4,94.19
S06,W0015,2026-06-04,ACTIVE,51.38,237.67,1437.12,90.99
S06,W0015,2026-06-05,ACTIVE,48.7,236.69,1379.07,88.15
S06,W0015,2026-06-06,ACTIVE,54.2,206.46,1554.25,88.61
S06,W0015,2026-06-07,ACTIVE,48.44,245.51,1480.59,89.36
S06,W0015,2026-06-09,ACTIVE,50.22,275.73,1496.49,96.18
S06,W0015,2026-06-10,ACTIVE,53.68,264.7,1621.04,97.8
S06,W0015,2026-06-11,ACTIVE,48.65,239.66,1488.91,88.59
S06,W0015,2026-06-12,ACTIVE,50.79,238.66,1575.33,90.57
S06,W0015,2026-06-13,ACTIVE,48.41,236.19,1522.33,87.78
S06,W0015,2026-06-14,ACTIVE,49.67,290.03,1583.67,98.01
S06,W0015,2026-06-15,ACTIVE,48.45,248.84,1566.43,89.92
S06,W0015,2026-06-16,ACTIVE,49.36,242.55,1596,89.79
S06,W0015,2026-06-17,ACTIVE,47.4,238.04,1532.72,87.07
S06,W0015,2026-06-18,ACTIVE,57.15,239.01,1847.93,96.99
S06,W0015,2026-06-19,ACTIVE,48.77,243.46,1576.86,89.35
S06,W0015,2026-06-21,ACTIVE,47.44,228.16,1533.93,85.47
S06,W0015,2026-06-22,ACTIVE,47.38,256.45,1531.84,90.12
S06,W0015,2026-06-23,ACTIVE,55.5,229.82,1794.43,93.8
S06,W0015,2026-06-24,ACTIVE,45.64,253.06,1475.64,87.82
S06,W0015,2026-06-25,ACTIVE,53.62,248.78,1733.64,95.08
S06,W0015,2026-06-26,ACTIVE,45.4,293.06,1468.05,94.24
S06,W0015,2026-06-27,ACTIVE,46.74,235.46,1511.43,85.98
S06,W0015,2026-06-28,ACTIVE,46.98,257.81,1519.13,89.95
S06,W0015,2026-06-29,ACTIVE,49.34,241.82,1595.39,89.64
S06,W0015,2026-06-30,ACTIVE,44.31,257.96,1432.68,87.3
S06,W0015,2026-07-01,ACTIVE,46.98,270.26,1518.91,92.02
S06,W0015,2026-07-02,ACTIVE,51.92,228.52,1678.71,90.01
S06,W0015,2026-07-04,ACTIVE,45.69,216.32,1477.31,81.74
S06,W0015,2026-07-05,ACTIVE,51.8,246.37,1357.41,92.86
S06,W0015,2026-07-07,ACTIVE,45.4,256.13,1468.06,88.09
S06,W0015,2026-07-08,ACTIVE,53.9,267.64,1742.62,98.51
S06,W0015,2026-07-09,ACTIVE,45.78,259.01,1480.11,88.95
S06,W0015,2026-07-10,ACTIVE,41.63,226.72,1346.06,79.42
S06,W0015,2026-07-11,ACTIVE,45.27,259.02,1463.68,88.44
S06,W0015,2026-07-12,ACTIVE,50.17,220.58,1622.2,86.93
S06,W0015,2026-07-13,ACTIVE,50.45,251.24,1631.25,92.32
S06,W0015,2026-07-14,ACTIVE,49.43,236.2,1598.2,88.8
S06,W0015,2026-07-15,ACTIVE,43.16,213.12,1395.64,78.68
S06,W0015,2026-07-17,ACTIVE,46.17,238.63,1492.7,85.94
S06,W0015,2026-07-18,ACTIVE,46.74,263.9,1511.1,90.72
S06,W0015,2026-07-19,ACTIVE,48.41,228.38,1565.27,86.47
S06,W0015,2026-07-20,ACTIVE,42.89,240.98,1386.75,83.05
S06,W0015,2026-07-21,ACTIVE,49.07,243.21,1586.5,89.61
S06,W0015,2026-07-22,ACTIVE,48.5,239.16,1568.18,88.36
S06,W0015,2026-07-23,ACTIVE,51.76,254.82,1673.54,94.23
S06,W0015,2026-07-24,ACTIVE,47.32,234.93,1530.14,86.48
S06,W0015,2026-07-25,ACTIVE,49.04,234.78,1585.66,88.17
S06,W0015,2026-07-26,ACTIVE,48.73,251.34,1575.56,90.62
S06,W0015,2026-07-27,ACTIVE,46.21,235.79,1494.12,85.51
S06,W0015,2026-07-28,ACTIVE,45.89,248.26,1483.65,87.27
S06,W0015,2026-07-29,ACTIVE,47.91,237.23,1549,87.45
S06,W0015,2026-07-30,ACTIVE,43.91,246.88,1419.86,85.06
S06,W0015,2026-07-31,ACTIVE,44.63,247.16,1442.96,85.82
S06,W0015,2026-08-01,ACTIVE,44.74,224.53,1446.57,82.16
S06,W0015,2026-08-02,ACTIVE,48.4,269.09,1564.77,93.25
S06,W0015,2026-08-03,ACTIVE,45.44,239.19,1469.05,85.31
S06,W0015,2026-08-04,ACTIVE,48.29,261.74,1561.49,91.91
S06,W0015,2026-08-05,ACTIVE,48.45,224.64,1566.63,85.89
S06,W0015,2026-08-06,ACTIVE,49.65,230.37,1526.29,88.05
S06,W0015,2026-08-07,ACTIVE,50.28,219.69,1625.64,86.9
S06,W0015,2026-08-09,ACTIVE,44.35,234.12,1434.02,83.37
S06,W0015,2026-08-10,ACTIVE,46.96,241.74,1518.33,87.25
S06,W0015,2026-08-11,ACTIVE,45.96,230.14,1485.89,84.32
S06,W0015,2026-08-12,ACTIVE,46.09,241.61,1490.16,86.36
S06,W0015,2026-08-13,ACTIVE,48.71,201.13,1574.82,82.23
S06,W0015,2026-08-14,ACTIVE,48.89,221.28,1580.77,85.77
S06,W0015,2026-08-15,ACTIVE,45.94,208.63,1485.44,80.71
S06,W0015,2026-08-16,ACTIVE,49.73,253.1,1607.9,91.91
S06,W0015,2026-08-18,ACTIVE,43.91,248.65,1419.87,85.35
S06,W0015,2026-08-19,ACTIVE,45.62,246.29,1474.92,86.67
S06,W0015,2026-08-20,ACTIVE,50.91,221.96,1645.96,87.9
S06,W0015,2026-08-21,ACTIVE,45.66,217.8,1476.28,81.96
S06,W0015,2026-08-23,ACTIVE,44.38,214.03,1434.8,80.05
S06,W0015,2026-08-24,ACTIVE,44.97,205.89,1453.97,79.29
S06,W0015,2026-08-25,ACTIVE,40.39,240.47,1305.89,80.47
S06,W0015,2026-08-26,ACTIVE,48.05,241.79,1553.54,88.35
S06,W0024,2025-08-27,ACTIVE,71.82,377.77,407,134.78
S06,W0024,2025-08-28,ACTIVE,76.85,371.38,436.88,138.75
S06,W0024,2025-08-29,ACTIVE,81.52,354.99,464.96,140.69
S06,W0024,2025-08-30,ACTIVE,79.17,415.97,452.98,148.5
S06,W0024,2025-08-31,ACTIVE,79.7,364.91,457.52,140.52
S06,W0024,2025-09-01,ACTIVE,81.92,419.86,471.78,151.9
S06,W0024,2025-09-02,ACTIVE,73.51,377.24,424.74,136.38
S06,W0024,2025-09-03,ACTIVE,81.06,399.37,469.9,147.62
S06,W0024,2025-09-05,ACTIVE,84.16,382.28,491.07,147.87
S06,W0024,2025-09-06,ACTIVE,72.36,366.01,423.6,133.36
S06,W0024,2025-09-07,ACTIVE,76.48,349.4,449.22,134.71
S06,W0024,2025-09-08,ACTIVE,75.22,400.16,443.32,141.91
S06,W0024,2025-09-09,ACTIVE,72.54,411.68,428.94,141.15
S06,W0024,2025-09-10,ACTIVE,76.52,342.86,453.97,133.66
S06,W0024,2025-09-11,ACTIVE,89.14,394.41,530.63,154.88
S06,W0024,2025-09-12,ACTIVE,81.96,369.2,489.51,143.49
S06,W0024,2025-09-13,ACTIVE,78.98,370.38,473.28,140.71
S06,W0024,2025-09-14,ACTIVE,70.05,367.88,421.17,131.36
S06,W0024,2025-09-15,ACTIVE,79.89,394.55,481.96,145.65
S06,W0024,2025-09-16,ACTIVE,79.61,360.16,481.92,139.64
S06,W0024,2025-09-17,ACTIVE,77.09,387.33,468.2,141.64
S06,W0024,2025-09-18,ACTIVE,67.13,344.96,409.11,124.62
S06,W0024,2025-09-19,ACTIVE,66.93,378.29,409.26,129.98
S06,W0024,2025-09-20,ACTIVE,76.98,421.43,472.32,147.22
S06,W0024,2025-09-21,ACTIVE,75.38,368.56,464.1,136.81
S06,W0024,2025-09-22,ACTIVE,78.29,339.38,483.66,134.85
S06,W0024,2025-09-23,ACTIVE,74.41,382.4,461.28,138.14
S06,W0024,2025-09-24,ACTIVE,78.65,398.84,489.23,145.12
S06,W0024,2025-09-25,ACTIVE,71.34,357.35,445.32,130.9
S06,W0024,2025-09-26,ACTIVE,71.99,391.89,450.91,137.31
S06,W0024,2025-09-28,ACTIVE,74.67,355.47,471,133.92
S06,W0024,2025-09-29,ACTIVE,76.33,382.63,483.14,140.1
S06,W0024,2025-09-30,ACTIVE,68.68,364.9,436.2,129.5
S06,W0024,2025-10-01,ACTIVE,73.54,329.78,468.74,128.5
S06,W0024,2025-10-03,ACTIVE,61.55,390.62,395.09,126.65
S06,W0024,2025-10-04,ACTIVE,69.02,338.92,444.59,125.51
S06,W0024,2025-10-05,ACTIVE,79.24,385.34,512.2,143.46
S06,W0024,2025-10-06,ACTIVE,74.76,349.02,485,132.93
S06,W0024,2025-10-07,ACTIVE,73.99,353.75,481.69,132.95
S06,W0024,2025-10-08,ACTIVE,73.7,376.88,481.51,136.51
S06,W0024,2025-10-09,ACTIVE,75.6,317.98,495.72,128.6
S06,W0024,2025-10-10,ACTIVE,73.01,324.33,480.42,127.07
S06,W0024,2025-10-12,ACTIVE,72.97,390.26,483.62,138.01
S06,W0024,2025-10-13,ACTIVE,68.04,378.3,452.63,131.09
S06,W0024,2025-10-14,ACTIVE,76.25,382.52,509.04,140
S06,W0024,2025-10-15,ACTIVE,70.58,355.52,472.92,129.83
S06,W0024,2025-10-16,ACTIVE,69.99,370.65,470.69,131.76
S06,W0024,2025-10-17,ACTIVE,70.7,335.5,477.22,126.62
S06,W0024,2025-10-19,ACTIVE,65.71,308.95,446.78,117.2
S06,W0024,2025-10-20,ACTIVE,70.13,351.2,478.58,128.66
S06,W0024,2025-10-21,ACTIVE,68,360.3,465.78,128.05
S06,W0024,2025-10-22,ACTIVE,67.33,368.6,462.91,128.76
S06,W0024,2025-10-23,ACTIVE,73.25,337.29,505.48,129.47
S06,W0024,2025-10-24,ACTIVE,74.5,351.23,516.02,133.04
S06,W0024,2025-10-25,ACTIVE,62.68,347.03,435.74,120.52
S06,W0024,2025-10-26,ACTIVE,66.4,336.52,463.34,122.49
S06,W0024,2025-10-27,ACTIVE,71.81,375,502.95,134.31
S06,W0024,2025-10-28,ACTIVE,67.05,332.1,471.45,122.4
S06,W0024,2025-10-29,ACTIVE,67.55,374.7,476.74,130
S06,W0024,2025-10-30,ACTIVE,72.03,322.16,510.24,125.72
S06,W0024,2025-10-31,ACTIVE,68.92,309.01,490.08,120.42
S06,W0024,2025-11-01,ACTIVE,66.9,319.35,477.53,120.13
S06,W0024,2025-11-02,ACTIVE,71.98,338.91,515.81,128.47
S06,W0024,2025-11-03,ACTIVE,66.47,347.15,478.15,124.33
S06,W0024,2025-11-04,ACTIVE,72.76,313.92,525.4,125.08
S06,W0024,2025-11-05,ACTIVE,68.95,359.13,499.81,128.81
S06,W0024,2025-11-06,ACTIVE,69.03,311.78,502.33,120.99
S06,W0024,2025-11-07,ACTIVE,66.63,367.82,486.72,127.93
S06,W0024,2025-11-08,ACTIVE,66.79,360.25,489.79,126.83
S06,W0024,2025-11-09,ACTIVE,63.63,323.45,468.46,117.54
S06,W0024,2025-11-10,ACTIVE,68.29,326.81,477.52,122.76
S06,W0024,2025-11-11,ACTIVE,67.49,324.55,500.79,121.58
S06,W0024,2025-11-12,ACTIVE,69.72,343.1,519.39,126.9
S06,W0024,2025-11-13,ACTIVE,60.12,337.99,449.58,116.45
S06,W0024,2025-11-14,ACTIVE,61.96,345.43,465.17,119.53
S06,W0024,2025-11-15,ACTIVE,59.04,286.27,445.04,106.75
S06,W0024,2025-11-16,ACTIVE,62.8,356.4,475.29,122.2
S06,W0024,2025-11-17,ACTIVE,67.49,306.36,512.78,118.55
S06,W0024,2025-11-18,ACTIVE,65.63,312.54,500.68,117.72
S06,W0024,2025-11-19,ACTIVE,63.48,337.2,486.22,119.68
S06,W0024,2025-11-20,ACTIVE,71.09,300.9,546.69,121.24
S06,W0024,2025-11-21,ACTIVE,68.11,345.96,525.93,125.77
S06,W0024,2025-11-22,ACTIVE,65.73,335.78,509.63,121.69
S06,W0024,2025-11-23,ACTIVE,66.17,358.73,515.13,125.96
S06,W0024,2025-11-24,ACTIVE,71.23,313.96,556.79,123.56
S06,W0024,2025-11-25,ACTIVE,66.81,318.23,524.32,119.85
S06,W0024,2025-11-26,ACTIVE,68.41,304.97,539.14,119.24
S06,W0024,2025-11-28,ACTIVE,60.7,269.54,482.31,105.62
S06,W0024,2025-11-30,ACTIVE,62.73,328.94,502.59,117.55
S06,W0024,2025-12-01,ACTIVE,60.98,317.88,490.67,113.96
S06,W0024,2025-12-02,ACTIVE,55.91,315.24,451.75,108.45
S06,W0024,2025-12-03,ACTIVE,62.51,329.94,507.18,117.5
S06,W0024,2025-12-05,ACTIVE,64.25,299,525.74,114.08
S06,W0024,2025-12-06,ACTIVE,64.85,312.82,532.92,116.99
S06,W0024,2025-12-07,ACTIVE,59.81,306.12,493.58,110.83
S06,W0024,2025-12-08,ACTIVE,64.7,294.24,536.17,113.74
S06,W0024,2025-12-09,ACTIVE,61.57,323.87,512.43,115.55
S06,W0024,2025-12-10,ACTIVE,59.88,335,500.55,115.71
S06,W0024,2025-12-11,ACTIVE,62.47,307.21,524.46,113.67
S06,W0024,2025-12-12,ACTIVE,60.85,300.87,513.02,111
S06,W0024,2025-12-13,ACTIVE,65.67,272.18,556.11,111.03
S06,W0024,2025-12-14,ACTIVE,59.95,338.17,509.86,116.31
S06,W0024,2025-12-15,ACTIVE,64.74,331.34,553.07,119.96
S06,W0024,2025-12-16,ACTIVE,69.46,336.78,595.94,125.59
S06,W0024,2025-12-17,ACTIVE,58.39,300.97,503.23,108.55
S06,W0024,2025-12-18,ACTIVE,69.63,335.67,602.76,125.57
S06,W0024,2025-12-19,ACTIVE,67.45,334.1,586.45,123.13
S06,W0024,2025-12-20,ACTIVE,68.19,319.44,595.55,121.43
S06,W0024,2025-12-21,ACTIVE,67.46,324.64,591.78,121.57
S06,W0024,2025-12-22,ACTIVE,56.5,270.17,497.88,101.53
S06,W0024,2025-12-23,ACTIVE,61.02,289.9,540.13,109.34
S06,W0024,2025-12-24,ACTIVE,57.8,290.81,513.91,106.27
S06,W0024,2025-12-25,ACTIVE,62.78,336.64,560.79,118.89
S06,W0024,2025-12-26,ACTIVE,64.4,287.47,577.87,112.31
S06,W0024,2025-12-27,ACTIVE,62.25,307.07,561.07,113.43
S06,W0024,2025-12-28,ACTIVE,59.28,312.03,536.81,111.29
S06,W0024,2025-12-29,ACTIVE,55.34,293.79,503.4,104.31
S06,W0024,2025-12-30,ACTIVE,62.88,304.79,574.69,113.68
S06,W0024,2025-12-31,ACTIVE,59.08,270.26,542.48,104.12
S06,W0024,2026-01-01,ACTIVE,59.77,306.18,551.35,110.8
S06,W0024,2026-01-02,ACTIVE,65.48,301.68,606.81,115.76
S06,W0024,2026-01-03,ACTIVE,59.13,306.63,550.55,110.24
S06,W0024,2026-01-04,ACTIVE,58.32,297.96,545.57,107.98
S06,W0024,2026-01-05,ACTIVE,47.56,253.24,933.24,89.77
S06,W0024,2026-01-06,ACTIVE,60.76,324.32,573.76,114.81
S06,W0024,2026-01-07,ACTIVE,59.28,293.82,562.45,108.25
S06,W0024,2026-01-09,ACTIVE,63.24,267.81,605.82,107.88
S06,W0024,2026-01-10,ACTIVE,53.45,287.99,514.49,101.45
S06,W0024,2026-01-11,ACTIVE,64.46,276.83,623.48,110.6
S06,W0024,2026-01-12,ACTIVE,55,272.84,534.53,100.47
S06,W0024,2026-01-13,ACTIVE,56.88,315.94,555.52,109.54
S06,W0024,2026-01-14,ACTIVE,57.82,315.76,567.52,110.45
S06,W0024,2026-01-15,ACTIVE,62.06,244.21,612.08,102.76
S06,W0024,2026-01-16,ACTIVE,60.16,277.34,596.29,106.38
S06,W0024,2026-01-17,ACTIVE,63.94,315.63,636.95,116.54
S06,W0024,2026-01-18,ACTIVE,55.37,302.82,554.26,105.84
S06,W0024,2026-01-19,ACTIVE,49.6,307.79,498.99,100.9
S06,W0024,2026-01-20,ACTIVE,54.23,293.63,548.34,103.17
S06,W0024,2026-01-21,ACTIVE,60.93,333.82,619.17,116.57
S06,W0024,2026-01-22,ACTIVE,60.87,306.78,621.72,112
S06,W0024,2026-01-23,ACTIVE,60.69,265,623.04,104.86
S06,W0024,2026-01-24,ACTIVE,61.76,251.93,637.22,103.75
S06,W0024,2026-01-25,ACTIVE,55.56,271.12,576.21,100.75
S06,W0024,2026-01-26,ACTIVE,62.07,279.76,647.03,108.7
S06,W0024,2026-01-27,ACTIVE,64.52,308.78,676.05,115.98
S06,W0024,2026-01-28,ACTIVE,53.94,290.76,568.13,102.4
S06,W0024,2026-01-29,ACTIVE,51.5,310.24,545.28,103.21
S06,W0024,2026-01-30,ACTIVE,59.26,269.9,630.65,104.24
S06,W0024,2026-01-31,ACTIVE,61.6,278.26,659.08,107.98
S06,W0024,2026-02-01,ACTIVE,65.7,305.83,706.66,116.67
S06,W0024,2026-02-02,ACTIVE,58.71,257.63,634.81,101.65
S06,W0024,2026-02-03,ACTIVE,55.81,282.46,606.61,102.89
S06,W0024,2026-02-04,ACTIVE,55.52,277.66,606.76,101.8
S06,W0024,2026-02-05,ACTIVE,52.26,262.35,790.89,95.99
S06,W0024,2026-02-06,ACTIVE,63.36,284.71,699.86,110.81
S06,W0024,2026-02-08,ACTIVE,59.91,309.63,668.96,111.51
S06,W0024,2026-02-09,ACTIVE,50.44,310.37,566.31,102.17
S06,W0024,2026-02-10,ACTIVE,50.71,271.8,572.52,96.01
S06,W0024,2026-02-11,ACTIVE,57.8,271.01,656.14,102.97
S06,W0024,2026-02-12,ACTIVE,60.32,261.46,688.5,103.9
S06,W0024,2026-02-13,ACTIVE,57.14,275.25,655.88,103.02
S06,W0024,2026-02-14,ACTIVE,56.2,291.21,648.72,104.74
S06,W0024,2026-02-15,ACTIVE,63.06,217.5,731.96,99.31
S06,W0024,2026-02-16,ACTIVE,50.99,260.37,595.25,94.39
S06,W0024,2026-02-17,ACTIVE,56.06,264.34,658.1,100.12
S06,W0024,2026-02-18,ACTIVE,54.83,303.69,647.42,105.45
S06,W0024,2026-02-19,ACTIVE,55.19,298.91,655.33,105.01
S06,W0024,2026-02-20,ACTIVE,60.13,279.08,718.13,106.64
S06,W0024,2026-02-21,ACTIVE,51.82,270.93,622.49,96.98
S06,W0024,2026-02-22,ACTIVE,58.77,277.83,710.07,105.08
S06,W0024,2026-02-23,ACTIVE,52.26,293.8,635.1,101.23
S06,W0024,2026-02-25,ACTIVE,60.87,213.29,748.56,96.42
S06,W0024,2026-02-26,ACTIVE,56.94,293.91,704.4,105.93
S06,W0024,2026-02-27,ACTIVE,55.96,283.19,696.29,103.16
S06,W0024,2026-02-28,ACTIVE,59.99,273.51,750.94,105.58
S06,W0024,2026-03-01,ACTIVE,54.93,250.74,691.75,96.72
S06,W0024,2026-03-02,ACTIVE,50.32,282.67,637.51,97.43
S06,W0024,2026-03-03,ACTIVE,52.66,236.94,671.28,92.15
S06,W0024,2026-03-04,ACTIVE,50.71,279.33,650.36,97.27
S06,W0024,2026-03-05,ACTIVE,53.22,248.11,867.89,94.57
S06,W0024,2026-03-06,ACTIVE,52.47,270.23,681.25,97.51
S06,W0024,2026-03-07,ACTIVE,51.27,255.44,669.83,93.84
S06,W0024,2026-03-08,ACTIVE,60.06,273.98,789.58,105.72
S06,W0024,2026-03-09,ACTIVE,51.06,242.77,675.58,91.52
S06,W0024,2026-03-10,ACTIVE,56.93,272.7,757.94,102.38
S06,W0024,2026-03-11,ACTIVE,50.07,275.61,670.86,96.01
S06,W0024,2026-03-12,ACTIVE,52.74,297.7,711.22,102.36
S06,W0024,2026-03-13,ACTIVE,53.39,253.5,724.58,95.64
S06,W0024,2026-03-14,ACTIVE,54.67,262.46,746.75,98.41
S06,W0024,2026-03-15,ACTIVE,50.14,257.53,689.26,93.06
S06,W0024,2026-03-16,ACTIVE,56.94,246.14,787.92,97.96
S06,W0024,2026-03-17,ACTIVE,54.58,240.99,760.15,94.75
S06,W0024,2026-03-18,ACTIVE,55.67,280.27,780.5,102.38
S06,W0024,2026-03-19,ACTIVE,54.4,271.96,767.74,99.73
S06,W0024,2026-03-20,ACTIVE,58.68,269.34,833.76,103.57
S06,W0024,2026-03-21,ACTIVE,54.02,283.78,772.67,101.32
S06,W0024,2026-03-22,ACTIVE,56.12,257.9,808.14,99.1
S06,W0024,2026-03-23,ACTIVE,53.26,258.23,772.29,96.3
S06,W0024,2026-03-24,ACTIVE,49.28,238.95,719.38,89.1
S06,W0024,2026-03-25,ACTIVE,54.93,253.38,807.41,97.16
S06,W0024,2026-03-26,ACTIVE,48,258.4,710.46,91.07
S06,W0024,2026-03-27,ACTIVE,52.08,272.42,776.22,97.48
S06,W0024,2026-03-28,ACTIVE,50.99,238.59,765.35,90.76
S06,W0024,2026-03-29,ACTIVE,57.58,256.28,870.24,100.29
S06,W0024,2026-03-30,ACTIVE,52.72,240.01,802.53,92.72
S06,W0024,2026-03-31,ACTIVE,51,259.04,781.9,94.17
S06,W0024,2026-04-01,ACTIVE,55.11,269.21,850.99,99.98
S06,W0024,2026-04-02,ACTIVE,52.86,251.49,822.08,94.78
S06,W0024,2026-04-03,ACTIVE,44.33,243.44,694.5,84.9
S06,W0024,2026-04-04,ACTIVE,53.22,278.76,839.93,99.68
S06,W0024,2026-04-05,ACTIVE,55.52,299.9,882.7,105.5
S06,W0024,2026-04-06,ACTIVE,48.91,260.59,1058.03,92.34
S06,W0024,2026-04-08,ACTIVE,50.3,236.52,817.67,89.72
S06,W0024,2026-04-09,ACTIVE,52.78,243.86,864.64,93.42
S06,W0024,2026-04-10,ACTIVE,52.62,236.84,868.6,92.09
S06,W0024,2026-04-11,ACTIVE,51.2,245.67,851.61,92.15
S06,W0024,2026-04-12,ACTIVE,53.24,225.57,892.4,90.84
S06,W0024,2026-04-13,ACTIVE,55.76,274.79,941.85,101.56
S06,W0024,2026-04-14,ACTIVE,50.6,267.25,861.54,95.14
S06,W0024,2026-04-15,ACTIVE,52.6,255.26,902.6,95.14
S06,W0024,2026-04-16,ACTIVE,52.6,249.4,909.8,94.17
S06,W0024,2026-04-17,ACTIVE,48.65,253.19,848.24,90.85
S06,W0024,2026-04-19,ACTIVE,49.91,244.46,884.25,90.65
S06,W0024,2026-04-20,ACTIVE,55.1,264.12,984.17,99.12
S06,W0024,2026-04-21,ACTIVE,49.51,219.58,891.73,86.11
S06,W0024,2026-04-22,ACTIVE,55.69,240.77,1011.39,95.82
S06,W0024,2026-04-23,ACTIVE,49.8,257.65,911.86,92.74
S06,W0024,2026-04-24,ACTIVE,49.55,237.5,914.94,89.13
S06,W0024,2026-04-25,ACTIVE,47.62,213.69,886.89,83.24
S06,W0024,2026-04-26,ACTIVE,56.56,245.48,1062.47,97.47
S06,W0024,2026-04-27,ACTIVE,52.13,225.18,987.63,89.66
S06,W0024,2026-04-28,ACTIVE,56.47,241.83,1079.09,96.78
S06,W0024,2026-04-29,ACTIVE,50.46,261.08,972.69,93.97
S06,W0024,2026-05-01,ACTIVE,58.29,309.21,547.86,109.82
S06,W0024,2026-05-04,ACTIVE,49.06,247.56,988.99,90.32
S06,W0024,2026-05-05,ACTIVE,53.69,236.83,1092.3,93.16
S06,W0024,2026-05-06,ACTIVE,47.82,219.7,981.99,84.44
S06,W0024,2026-05-07,ACTIVE,46.54,236.92,1249.47,86.03
S06,W0024,2026-05-08,ACTIVE,50.09,269.98,1047.93,95.09
S06,W0024,2026-05-09,ACTIVE,51.48,256.17,1087.35,94.18
S06,W0024,2026-05-10,ACTIVE,51.05,246.16,1088.63,92.08
S06,W0024,2026-05-11,ACTIVE,47.96,233.16,1032.69,86.82
S06,W0024,2026-05-12,ACTIVE,47.45,267.92,1031.7,92.1
S06,W0024,2026-05-13,ACTIVE,52.77,259.03,1158.57,95.94
S06,W0024,2026-05-14,ACTIVE,50.08,254.46,1110.58,92.49
S06,W0024,2026-05-15,ACTIVE,56.33,259.84,1261.68,99.64
S06,W0024,2026-05-16,ACTIVE,46.91,234.14,1061.24,85.93
S06,W0024,2026-05-17,ACTIVE,48.14,226.08,1100.35,85.82
S06,W0024,2026-05-18,ACTIVE,47.96,227.11,1107.5,85.81
S06,W0024,2026-05-19,ACTIVE,52.61,257.41,1227.62,95.51
S06,W0024,2026-05-20,ACTIVE,46.32,229.25,1092.3,84.53
S06,W0024,2026-05-21,ACTIVE,40.6,259.17,967.51,83.8
S06,W0024,2026-05-22,ACTIVE,51.97,228.78,1251.75,90.1
S06,W0024,2026-05-24,ACTIVE,44.04,217.32,1083.99,80.26
S06,W0024,2026-05-25,ACTIVE,48.65,208.08,1210.8,83.33
S06,W0024,2026-05-26,ACTIVE,44.91,220.65,1130.09,81.69
S06,W0024,2026-05-27,ACTIVE,47.84,240.86,1217.57,87.98
S06,W0024,2026-05-28,ACTIVE,46.45,225.24,1195.63,83.99
S06,W0024,2026-05-29,ACTIVE,50.06,229.87,1303.52,88.37
S06,W0024,2026-05-30,ACTIVE,46.16,243.4,1215.96,86.73
S06,W0024,2026-05-31,ACTIVE,47.28,263.66,1260.21,91.22
S06,W0024,2026-06-01,ACTIVE,48.82,206.15,1316.6,83.18
S06,W0024,2026-06-02,ACTIVE,47.46,222.15,1295.54,84.49
S06,W0024,2026-06-03,ACTIVE,48.38,241.11,1336.69,88.57
S06,W0024,2026-06-05,ACTIVE,43.63,224.07,1235.5,80.97
S06,W0024,2026-06-06,ACTIVE,45.94,251.54,1317.16,87.86
S06,W0024,2026-06-07,ACTIVE,48.55,242.36,1409.93,88.94
S06,W0024,2026-06-08,ACTIVE,38.91,274.87,1144.56,84.72
S06,W0024,2026-06-09,ACTIVE,46.96,229.5,1399.54,85.21
S06,W0024,2026-06-10,ACTIVE,49.88,262.92,1506.26,93.7
S06,W0024,2026-06-11,ACTIVE,47.53,228.48,1454.37,85.61
S06,W0024,2026-06-12,ACTIVE,45.05,180.13,1397.46,75.07
S06,W0024,2026-06-13,ACTIVE,49.27,242.76,1549.26,89.73
S06,W0024,2026-06-14,ACTIVE,44.34,248.56,1413.72,85.77
S06,W0024,2026-06-15,ACTIVE,47.22,246.97,1526.69,88.38
S06,W0024,2026-06-17,ACTIVE,43.83,233.64,1417.23,82.77
S06,W0024,2026-06-18,ACTIVE,51.24,224.25,1656.93,88.62
S06,W0024,2026-06-19,ACTIVE,45.62,198.3,1474.91,78.67
S06,W0024,2026-06-20,ACTIVE,48.72,233.15,1575.3,87.58
S06,W0024,2026-06-21,ACTIVE,45.34,222.52,1466.06,82.43
S06,W0024,2026-06-22,ACTIVE,44.05,234.79,1424.21,83.18
S06,W0024,2026-06-23,ACTIVE,48.17,237.23,1557.41,87.71
S06,W0024,2026-06-24,ACTIVE,44.55,247.15,1440.36,85.74
S06,W0024,2026-06-25,ACTIVE,45.17,241.93,1460.64,85.49
S06,W0024,2026-06-26,ACTIVE,45.72,219.32,1478.37,82.27
S06,W0024,2026-06-27,ACTIVE,48.95,243.7,1582.62,89.57
S06,W0024,2026-06-28,ACTIVE,46.03,225.48,1488.34,83.61
S06,W0024,2026-06-29,ACTIVE,46.61,238.89,1507.18,86.43
S06,W0024,2026-06-30,ACTIVE,43.67,220.9,1412.13,80.49
S06,W0024,2026-07-01,ACTIVE,48.16,226.03,1557.11,85.83
S06,W0024,2026-07-02,ACTIVE,49.3,268.98,1026.47,94.13
S06,W0024,2026-07-03,ACTIVE,52.37,253.62,1693.39,94.64
S06,W0024,2026-07-04,ACTIVE,43.65,215.93,1411.35,79.64
S06,W0024,2026-07-06,ACTIVE,47.46,230.56,1534.55,85.89
S06,W0024,2026-07-07,ACTIVE,42.78,242.21,1383.35,83.15
S06,W0024,2026-07-09,ACTIVE,44.18,211.12,1428.58,79.37
S06,W0024,2026-07-10,ACTIVE,42.77,220.73,1382.98,79.56
S06,W0024,2026-07-11,ACTIVE,47.12,251.41,1523.61,89.02
S06,W0024,2026-07-12,ACTIVE,49.24,220.21,1592.24,85.94
S06,W0024,2026-07-13,ACTIVE,47.01,211.45,1519.86,82.25
S06,W0024,2026-07-14,ACTIVE,44.61,196.94,1442.4,77.43
S06,W0024,2026-07-15,ACTIVE,53.11,240.12,1717.11,93.13
S06,W0024,2026-07-16,ACTIVE,48.1,225.68,1555.11,85.71
S06,W0024,2026-07-17,ACTIVE,46.81,233.43,1513.63,85.72
S06,W0024,2026-07-18,ACTIVE,47.32,232.28,1530,86.03
S06,W0024,2026-07-19,ACTIVE,48.38,237.56,1564.39,87.97
S06,W0024,2026-07-21,ACTIVE,42.2,227.01,1364.46,80.04
S06,W0024,2026-07-22,ACTIVE,48.36,252.41,1563.56,90.43
S06,W0024,2026-07-23,ACTIVE,44.76,217.25,1447.37,80.97
S06,W0024,2026-07-24,ACTIVE,45.26,219.7,1463.51,81.88
S06,W0024,2026-07-25,ACTIVE,49.22,219.16,1591.59,85.75
S06,W0024,2026-07-26,ACTIVE,47.28,210.86,1528.57,82.42
S06,W0024,2026-07-27,ACTIVE,42.83,220.69,1384.72,79.61
S06,W0024,2026-07-28,ACTIVE,45.4,246.74,1467.82,86.52
S06,W0024,2026-07-29,ACTIVE,47.47,233.82,1534.94,86.44
S06,W0024,2026-07-30,ACTIVE,46.6,195.48,1506.78,79.18
S06,W0024,2026-07-31,ACTIVE,43.4,209.4,1403.43,78.3
S06,W0024,2026-08-01,ACTIVE,47.43,264.61,932.09,91.53
S06,W0024,2026-08-02,ACTIVE,43.41,232.98,1403.63,82.24
S06,W0024,2026-08-04,ACTIVE,44.57,234.68,1440.95,83.68
S06,W0024,2026-08-05,ACTIVE,43.35,193.21,1401.64,75.55
S06,W0024,2026-08-06,ACTIVE,47.32,241.19,1529.91,87.52
S06,W0024,2026-08-07,ACTIVE,42.39,218.46,1370.5,78.8
S06,W0024,2026-08-08,ACTIVE,47.27,234.68,1528.36,86.38
S06,W0024,2026-08-10,ACTIVE,44.39,221,1435.32,81.22
S06,W0024,2026-08-11,ACTIVE,42.1,210.88,1361.16,77.25
S06,W0024,2026-08-12,ACTIVE,44.81,247.94,1448.93,86.13
S06,W0024,2026-08-13,ACTIVE,42.12,203.12,1362.02,75.97
S06,W0024,2026-08-14,ACTIVE,46.34,198.45,1498.3,79.41
S06,W0024,2026-08-15,ACTIVE,44.31,208.72,1432.72,79.1
S06,W0024,2026-08-16,ACTIVE,38.97,219.44,1259.98,75.54
S06,W0024,2026-08-17,ACTIVE,44.13,237.72,1426.79,83.75
S06,W0024,2026-08-18,ACTIVE,39.94,231.93,1291.37,78.6
S06,W0024,2026-08-19,ACTIVE,44.26,232.72,1431.2,83.05
S06,W0024,2026-08-20,ACTIVE,40.74,224.46,1317.4,78.15
S06,W0024,2026-08-21,ACTIVE,44.67,189.49,1444.45,76.25
S06,W0024,2026-08-22,ACTIVE,44.26,179.35,1431.03,74.15
S06,W0024,2026-08-23,ACTIVE,39.21,226.55,1267.74,76.97
S06,W0024,2026-08-24,ACTIVE,45.16,202.32,1460.29,78.88
S06,W0024,2026-08-25,ACTIVE,44.79,185.91,1448.23,75.78
S06,W0024,2026-08-26,ACTIVE,45.36,216.9,1466.66,81.51
