recommendation,well_id,site,status,n_incidents,sev_total,sev_6mo,unctrl_release,h2s_hosp,fires,hc_spills,pw_releases,flare_breaches,reg_actions,profit_musd_yr,margin_pct,cost_per_boe,water_cut_pct,decline_pct_yr
DECOMMISSION / PLUG,W0037,S05,ACTIVE,19,54,28,0,1,1,1,1,5,4,20.9,67.4,20.9,36.8,11.9
DECOMMISSION / PLUG,W0010,S05,ACTIVE,13,53,32,1,2,1,1,0,2,2,20.0,67.4,20.9,36.8,12.2
DECOMMISSION / PLUG,W0017,S05,ACTIVE,11,45,26,1,1,0,1,1,0,1,16.0,67.3,20.9,36.8,12.8
DECOMMISSION / PLUG,W0001,S04,ACTIVE,14,40,22,0,0,2,1,4,2,2,-1.5,-96.1,142.3,97.0,53.7
DECOMMISSION / PLUG,W0019,S05,ACTIVE,9,34,25,1,0,1,2,0,0,1,21.0,67.4,20.9,36.7,13.0
SELL / DIVEST,W0020,S05,ACTIVE,14,35,12,0,0,1,2,0,3,2,20.1,67.3,21.0,36.8,11.8
SELL / DIVEST,W0015,S06,ACTIVE,8,17,12,0,0,0,1,2,0,0,-0.9,-28.6,92.5,96.9,44.0
SELL / DIVEST,W0033,S07,ACTIVE,5,16,4,0,0,1,1,0,2,0,2.7,31.9,47.5,73.8,29.0
SELL / DIVEST,W0027,S08,ACTIVE,3,15,10,1,0,0,1,0,0,0,6.6,53.5,31.4,49.4,19.3
